variant,seed,eval_loops,loss,perplexity,last_hidden_norm,last_relative_update,last_cosine_to_previous
random_r8_24_final,42,4,7.326558589935303,1520.1413302344354,5.677399635314941,0.08468089252710342,0.9946641325950623
random_r8_24_final,42,5,7.282654762268066,1454.8451710122895,5.677399635314941,0.06880627572536469,0.9964444041252136
random_r8_24_final,42,6,7.259397029876709,1421.399217496651,5.677399635314941,0.056039948016405106,0.9976319670677185
random_r8_24_final,42,7,7.2474799156188965,1404.5607727300535,5.677399635314941,0.045841414481401443,0.9984144568443298
random_r8_24_final,42,8,7.241581916809082,1396.3010568053207,5.677399635314941,0.03770497441291809,0.9989297389984131
random_r8_24_final,42,9,7.238811016082764,1392.4374005688562,5.677399635314941,0.03121183253824711,0.9992700815200806
random_r8_24_final,42,10,7.237629413604736,1390.7930647527999,5.677399635314941,0.026031749323010445,0.9994964599609375
random_r8_24_final,42,11,7.237268447875977,1390.291126717292,5.677399635314941,0.021906480193138123,0.9996474981307983
random_r8_24_final,42,12,7.237320423126221,1390.3633893244325,5.677399635314941,0.01863178238272667,0.9997487664222717
random_r8_24_final,42,13,7.237599849700928,1390.7519480882036,5.677399635314941,0.016042746603488922,0.9998162388801575
random_r8_24_final,42,14,7.238024711608887,1391.3429511528207,5.677399635314941,0.0140043580904603,0.9998621940612793
random_r8_24_final,42,15,7.2385382652282715,1392.0576638671332,5.677399635314941,0.012405176647007465,0.9998930096626282
random_r8_24_final,42,16,7.239138126373291,1392.8929556758171,5.677399635314941,0.011153033934533596,0.9999139308929443
random_r8_24_final,42,17,7.239812850952148,1393.8330919195778,5.677399635314941,0.010172462090849876,0.9999282360076904
random_r8_24_final,42,18,7.240561485290527,1394.876953920874,5.677399635314941,0.009402042254805565,0.9999385476112366
random_r8_24_final,42,19,7.241377830505371,1396.0161199606123,5.677399635314941,0.008792852982878685,0.9999455213546753
random_r8_24_final,42,20,7.242270469665527,1397.2628149591058,5.677399635314941,0.008306273259222507,0.9999505281448364
random_r8_24_final,42,21,7.243230819702148,1398.6053208892508,5.677399635314941,0.007912492379546165,0.9999545216560364
random_r8_24_final,42,22,7.244258403778076,1400.043244112479,5.677399635314941,0.007588236592710018,0.9999573230743408
random_r8_24_final,42,23,7.245341777801514,1401.5608365064954,5.677399635314941,0.007315988186746836,0.9999597668647766
random_r8_24_final,42,24,7.246482849121094,1403.1610301736025,5.677399635314941,0.00708226440474391,0.9999614357948303
random_r8_24_final,42,25,7.24766731262207,1404.824007873607,5.677399635314941,0.0068769329227507114,0.9999633431434631
random_r8_24_final,42,26,7.248895168304443,1406.5499884250773,5.677399635314941,0.0066922372207045555,0.999965250492096
random_r8_24_final,42,27,7.250163555145264,1408.3351698323204,5.677399635314941,0.006522336974740028,0.9999666213989258
random_r8_24_final,42,28,7.251458644866943,1410.160271815763,5.677399635314941,0.0063629066571593285,0.9999676942825317
random_r8_24_final,42,29,7.252782821655273,1412.0288101800602,5.677399635314941,0.006210801657289267,0.9999690651893616
random_r8_24_final,42,30,7.254125118255615,1413.9254442895349,5.677399635314941,0.006063849199563265,0.9999701976776123
random_r8_24_final,42,31,7.2554826736450195,1415.846229888073,5.677399635314941,0.005920371972024441,0.9999711513519287
random_r8_24_final,42,32,7.256854057312012,1417.789230277698,5.677399635314941,0.005779290106147528,0.9999724626541138
random_r8_24_final,43,4,7.329858779907227,1525.1663726449176,5.606703281402588,0.08194290846586227,0.9950749278068542
random_r8_24_final,43,5,7.283100605010986,1455.4939477893195,5.606703281402588,0.06644459068775177,0.9966754913330078
random_r8_24_final,43,6,7.257824420928955,1419.1656690783147,5.606703281402588,0.05386028066277504,0.9977772235870361
random_r8_24_final,43,7,7.245087623596191,1401.2046691885105,5.606703281402588,0.04373114928603172,0.9985208511352539
random_r8_24_final,43,8,7.239207744598389,1392.989929786686,5.606703281402588,0.03564482554793358,0.9990149736404419
random_r8_24_final,43,9,7.236886978149414,1389.7608738854724,5.606703281402588,0.029233120381832123,0.9993404746055603
random_r8_24_final,43,10,7.236334800720215,1388.9936911289226,5.606703281402588,0.02417481131851673,0.9995535612106323
random_r8_24_final,43,11,7.236602783203125,1389.3659669864942,5.606703281402588,0.020198024809360504,0.9996934533119202
random_r8_24_final,43,12,7.237239837646484,1390.2513507380982,5.606703281402588,0.01707753725349903,0.9997848868370056
random_r8_24_final,43,13,7.237995624542236,1391.3024816562393,5.606703281402588,0.014629458077251911,0.999845564365387
random_r8_24_final,43,14,7.238786697387695,1392.4035387200497,5.606703281402588,0.012705657631158829,0.9998859167098999
random_r8_24_final,43,15,7.239567279815674,1393.490848767379,5.606703281402588,0.011188511736690998,0.9999130964279175
random_r8_24_final,43,16,7.240335464477539,1394.5617183239751,5.606703281402588,0.009985663928091526,0.9999313950538635
random_r8_24_final,43,17,7.241085052490234,1395.607456958602,5.606703281402588,0.00902522448450327,0.9999440312385559
random_r8_24_final,43,18,7.241828441619873,1396.6453220923806,5.606703281402588,0.008251852355897427,0.999953031539917
random_r8_24_final,43,19,7.242569446563721,1397.6806267164025,5.606703281402588,0.007622841279953718,0.999959409236908
random_r8_24_final,43,20,7.243320941925049,1398.7313719896472,5.606703281402588,0.0071058133617043495,0.9999640583992004
random_r8_24_final,43,21,7.244086742401123,1399.8029313881975,5.606703281402588,0.006675753276795149,0.9999675750732422
random_r8_24_final,43,22,7.244873046875,1400.9040355405227,5.606703281402588,0.006313658319413662,0.9999701380729675
random_r8_24_final,43,23,7.245677471160889,1402.0314101518757,5.606703281402588,0.006004874128848314,0.9999726414680481
random_r8_24_final,43,24,7.246510028839111,1403.1991682130242,5.606703281402588,0.005738257430493832,0.9999741911888123
random_r8_24_final,43,25,7.247365474700928,1404.4000427031008,5.606703281402588,0.005505105946213007,0.9999759197235107
random_r8_24_final,43,26,7.248245716094971,1405.6367979962297,5.606703281402588,0.005298768635839224,0.9999771118164062
random_r8_24_final,43,27,7.2491583824157715,1406.9202609586596,5.606703281402588,0.005114035680890083,0.9999778270721436
random_r8_24_final,43,28,7.250098705291748,1408.2438424641712,5.606703281402588,0.004946856293827295,0.9999788403511047
random_r8_24_final,43,29,7.251067161560059,1409.6083256552183,5.606703281402588,0.0047940961085259914,0.9999799728393555
random_r8_24_final,43,30,7.252058982849121,1411.0070987536462,5.606703281402588,0.0046533322893083096,0.9999812245368958
random_r8_24_final,43,31,7.253082275390625,1412.4517107981173,5.606703281402588,0.0045226202346384525,0.9999816417694092
random_r8_24_final,43,32,7.254125118255615,1413.9254442895349,5.606703281402588,0.004400492645800114,0.9999821782112122
random_r8_24_final,44,4,7.328995227813721,1523.8498805424424,4.170937538146973,0.1277635395526886,0.990456223487854
random_r8_24_final,44,5,7.239472389221191,1393.3586258657879,4.170937538146973,0.10149537771940231,0.9939121603965759
random_r8_24_final,44,6,7.197000980377197,1335.4198027312354,4.170937538146973,0.08081638813018799,0.9961273670196533
random_r8_24_final,44,7,7.177364349365234,1309.4524469176145,4.170937538146973,0.06492006033658981,0.9974992275238037
random_r8_24_final,44,8,7.168163776397705,1297.4599874785347,4.170937538146973,0.052689895033836365,0.9983518719673157
random_r8_24_final,44,9,7.163656234741211,1291.624793606985,4.170937538146973,0.04323017597198486,0.9988898038864136
random_r8_24_final,44,10,7.161320686340332,1288.6116614134446,4.170937538146973,0.0358571857213974,0.9992357492446899
random_r8_24_final,44,11,7.16008186340332,1287.0162881269277,4.170937538146973,0.03005996346473694,0.9994624257087708
random_r8_24_final,44,12,7.159468650817871,1286.2273154700747,4.170937538146973,0.025462200865149498,0.9996142387390137
random_r8_24_final,44,13,7.159274578094482,1285.9777180528731,4.170937538146973,0.02178804576396942,0.9997175931930542
random_r8_24_final,44,14,7.159372806549072,1286.1040438610473,4.170937538146973,0.018834523856639862,0.9997891783714294
random_r8_24_final,44,15,7.15968132019043,1286.5008857151984,4.170937538146973,0.016450203955173492,0.9998390078544617
random_r8_24_final,44,16,7.160164833068848,1287.123075867892,4.170937538146973,0.014519973658025265,0.9998744130134583
random_r8_24_final,44,17,7.160771369934082,1287.9040002692782,4.170937538146973,0.012954715639352798,0.9998998045921326
random_r8_24_final,44,18,7.161484241485596,1288.8224377172203,4.170937538146973,0.011683781631290913,0.9999175071716309
random_r8_24_final,44,19,7.162276268005371,1289.843623616948,4.170937538146973,0.010650941170752048,0.9999306201934814
random_r8_24_final,44,20,7.163136005401611,1290.9530272450322,4.170937538146973,0.009810260497033596,0.9999406337738037
random_r8_24_final,44,21,7.164052963256836,1292.1373196542238,4.170937538146973,0.009124428033828735,0.9999473094940186
random_r8_24_final,44,22,7.16502571105957,1293.394854925924,4.170937538146973,0.008563127368688583,0.9999529123306274
random_r8_24_final,44,23,7.166046619415283,1294.7159667928813,4.170937538146973,0.008101468905806541,0.9999569654464722
random_r8_24_final,44,24,7.167112827301025,1296.097139344162,4.170937538146973,0.0077193123288452625,0.9999598264694214
random_r8_24_final,44,25,7.168224334716797,1297.5385618536072,4.170937538146973,0.007400489412248135,0.9999622702598572
random_r8_24_final,44,26,7.169392108917236,1299.0546789791536,4.170937538146973,0.007131949532777071,0.9999638795852661
random_r8_24_final,44,27,7.170598030090332,1300.622181473806,4.170937538146973,0.006903380621224642,0.9999653697013855
random_r8_24_final,44,28,7.171849727630615,1302.251186357211,4.170937538146973,0.006706560030579567,0.999966561794281
random_r8_24_final,44,29,7.173155307769775,1303.952489994775,4.170937538146973,0.006535002030432224,0.9999676942825317
random_r8_24_final,44,30,7.174504280090332,1305.7126727630948,4.170937538146973,0.0063836597837507725,0.9999685287475586
random_r8_24_final,44,31,7.175905704498291,1307.543813175225,4.170937538146973,0.006248490884900093,0.9999695420265198
random_r8_24_final,44,32,7.177349090576172,1309.4324664113792,4.170937538146973,0.006126416847109795,0.999970018863678
random_r8_24_intermediate,42,4,7.09794807434082,1209.482757842548,4.121654510498047,0.10199959576129913,0.9932109117507935
random_r8_24_intermediate,42,5,7.047872066497803,1150.408144321315,4.121654510498047,0.08038966357707977,0.9957261681556702
random_r8_24_intermediate,42,6,7.025483131408691,1124.9379205793296,4.121654510498047,0.06356507539749146,0.9973164796829224
random_r8_24_intermediate,42,7,7.015850067138672,1114.1533489234478,4.121654510498047,0.050808072090148926,0.9982879161834717
random_r8_24_intermediate,42,8,7.0118088722229,1109.6599235934593,4.121654510498047,0.041165947914123535,0.9988815784454346
random_r8_24_intermediate,42,9,7.010197639465332,1107.8734427794948,4.121654510498047,0.03383779525756836,0.9992496371269226
random_r8_24_intermediate,42,10,7.0096964836120605,1107.3183646209136,4.121654510498047,0.028214968740940094,0.9994815587997437
random_r8_24_intermediate,42,11,7.009744167327881,1107.37116693403,4.121654510498047,0.023850908502936363,0.999631404876709
random_r8_24_intermediate,42,12,7.01012659072876,1107.794732567267,4.121654510498047,0.02042337879538536,0.9997308254241943
random_r8_24_intermediate,42,13,7.010731220245361,1108.4647404937857,4.121654510498047,0.0177008043974638,0.9997976422309875
random_r8_24_intermediate,42,14,7.011484146118164,1109.2996465477354,4.121654510498047,0.015516380779445171,0.9998436570167542
random_r8_24_intermediate,42,15,7.01237678527832,1110.2902929316901,4.121654510498047,0.013748851604759693,0.9998763203620911
random_r8_24_intermediate,42,16,7.013358116149902,1111.3803898579642,4.121654510498047,0.012308506295084953,0.9998995661735535
random_r8_24_intermediate,42,17,7.014423847198486,1112.5654538137846,4.121654510498047,0.011127821169793606,0.999916672706604
random_r8_24_intermediate,42,18,7.015565872192383,1113.836757161313,4.121654510498047,0.01015496626496315,0.9999293088912964
random_r8_24_intermediate,42,19,7.016756534576416,1115.163750533794,4.121654510498047,0.009349409490823746,0.9999388456344604
random_r8_24_intermediate,42,20,7.018001556396484,1116.5530183910998,4.121654510498047,0.008679138496518135,0.9999461770057678
random_r8_24_intermediate,42,21,7.019289493560791,1117.9919949762034,4.121654510498047,0.008118556812405586,0.9999516606330872
random_r8_24_intermediate,42,22,7.020622253417969,1119.4830031849972,4.121654510498047,0.00764709385111928,0.9999563097953796
random_r8_24_intermediate,42,23,7.021996974945068,1121.0230388862758,4.121654510498047,0.007248191628605127,0.9999597668647766
random_r8_24_intermediate,42,24,7.02340030670166,1122.5973104709137,4.121654510498047,0.0069085946306586266,0.9999627470970154
random_r8_24_intermediate,42,25,7.024846076965332,1124.2215021015375,4.121654510498047,0.006617582868784666,0.9999653697013855
random_r8_24_intermediate,42,26,7.0263285636901855,1125.8893815533033,4.121654510498047,0.006366455461829901,0.9999673366546631
random_r8_24_intermediate,42,27,7.027835369110107,1127.5871565627253,4.121654510498047,0.0061484393663704395,0.9999690651893616
random_r8_24_intermediate,42,28,7.02937126159668,1129.320339855334,4.121654510498047,0.005957650486379862,0.9999706745147705
random_r8_24_intermediate,42,29,7.030935287475586,1131.0880080715249,4.121654510498047,0.005789712071418762,0.9999721050262451
random_r8_24_intermediate,42,30,7.032529354095459,1132.8924755479125,4.121654510498047,0.0056409756653010845,0.9999732971191406
random_r8_24_intermediate,42,31,7.034134387969971,1134.7122663696343,4.121654510498047,0.0055082375183701515,0.999974250793457
random_r8_24_intermediate,42,32,7.035771369934082,1136.571291063948,4.121654510498047,0.005389139521867037,0.9999752044677734
random_r8_24_intermediate,43,4,7.124644756317139,1242.206802544249,4.52429723739624,0.09986500442028046,0.9930434823036194
random_r8_24_intermediate,43,5,7.069314002990723,1175.341476894807,4.52429723739624,0.07962267100811005,0.995509147644043
random_r8_24_intermediate,43,6,7.044839859008789,1146.9251513779595,4.52429723739624,0.06328632682561874,0.9971445202827454
random_r8_24_intermediate,43,7,7.03469705581665,1135.3509121330226,4.52429723739624,0.050638966262340546,0.9981676936149597
random_r8_24_intermediate,43,8,7.030732154846191,1130.8582705247547,4.52429723739624,0.040969472378492355,0.9988011121749878
random_r8_24_intermediate,43,9,7.0294060707092285,1129.3596511783398,4.52429723739624,0.03357962146401405,0.9991958141326904
random_r8_24_intermediate,43,10,7.029277324676514,1129.2142599632143,4.52429723739624,0.027888596057891846,0.9994469285011292
random_r8_24_intermediate,43,11,7.029764652252197,1129.7646913202454,4.52429723739624,0.023449379950761795,0.9996104836463928
random_r8_24_intermediate,43,12,7.030620098114014,1130.7315573420688,4.52429723739624,0.01993609592318535,0.99972003698349
random_r8_24_intermediate,43,13,7.031700134277344,1131.9534480393113,4.52429723739624,0.01711834780871868,0.999794065952301
random_r8_24_intermediate,43,14,7.032928466796875,1133.344717566006,4.52429723739624,0.014835044741630554,0.9998462200164795
random_r8_24_intermediate,43,15,7.034244060516357,1134.8367199777506,4.52429723739624,0.012972010299563408,0.9998828172683716
random_r8_24_intermediate,43,16,7.03559684753418,1136.3729512224472,4.52429723739624,0.011445838958024979,0.9999088644981384
random_r8_24_intermediate,43,17,7.036956787109375,1137.9194010718336,4.52429723739624,0.010193352587521076,0.9999276995658875
random_r8_24_intermediate,43,18,7.038304328918457,1139.4538286606146,4.52429723739624,0.0091646583750844,0.9999417066574097
random_r8_24_intermediate,43,19,7.039629936218262,1140.9652985601097,4.52429723739624,0.008319412358105183,0.9999518394470215
random_r8_24_intermediate,43,20,7.040925025939941,1142.4439082505069,4.52429723739624,0.007624137680977583,0.9999591708183289
random_r8_24_intermediate,43,21,7.042184829711914,1143.8840703657463,4.52429723739624,0.0070512196980416775,0.9999644756317139
random_r8_24_intermediate,43,22,7.043427467346191,1145.3063872900798,4.52429723739624,0.006577713880687952,0.9999692440032959
random_r8_24_intermediate,43,23,7.044633865356445,1146.6889164093498,4.52429723739624,0.006184600293636322,0.9999723434448242
random_r8_24_intermediate,43,24,7.045820236206055,1148.0501220010099,4.52429723739624,0.0058562979102134705,0.9999749660491943
random_r8_24_intermediate,43,25,7.046990871429443,1149.3948568554658,4.52429723739624,0.005580319091677666,0.9999769330024719
random_r8_24_intermediate,43,26,7.04815149307251,1150.729643844261,4.52429723739624,0.00534652778878808,0.9999788403511047
random_r8_24_intermediate,43,27,7.049305438995361,1152.058290070593,4.52429723739624,0.0051467642188072205,0.9999802112579346
random_r8_24_intermediate,43,28,7.050450325012207,1153.378020823974,4.52429723739624,0.004974672570824623,0.9999809861183167
random_r8_24_intermediate,43,29,7.051599025726318,1154.703668220423,4.52429723739624,0.004825069569051266,0.9999819993972778
random_r8_24_intermediate,43,30,7.052751541137695,1156.0352491800152,4.52429723739624,0.004693978000432253,0.9999825954437256
random_r8_24_intermediate,43,31,7.053914546966553,1157.3805070329074,4.52429723739624,0.004578083287924528,0.9999831914901733
random_r8_24_intermediate,43,32,7.055076599121094,1158.7262252906949,4.52429723739624,0.00447483966127038,0.9999836683273315
random_r8_24_intermediate,44,4,7.047510147094727,1149.9918646268213,4.585639476776123,0.0821530818939209,0.9958353042602539
random_r8_24_intermediate,44,5,7.02117919921875,1120.1066682003516,4.585639476776123,0.0663214698433876,0.997278094291687
random_r8_24_intermediate,44,6,7.007778167724609,1105.1962143376782,4.585639476776123,0.054089393466711044,0.9981943964958191
random_r8_24_intermediate,44,7,7.000643730163574,1097.3393215357755,4.585639476776123,0.0446670837700367,0.9987766742706299
random_r8_24_intermediate,44,8,6.99663782119751,1092.9522730339754,4.585639476776123,0.03740612044930458,0.9991493225097656
random_r8_24_intermediate,44,9,6.994303226470947,1090.4036485811403,4.585639476776123,0.03177688643336296,0.9993916749954224
random_r8_24_intermediate,44,10,6.992974281311035,1088.9555243819577,4.585639476776123,0.027362516149878502,0.9995526075363159
random_r8_24_intermediate,44,11,6.992310047149658,1088.2324430966744,4.585639476776123,0.023848947137594223,0.999662458896637
random_r8_24_intermediate,44,12,6.992132186889648,1088.0389070030942,4.585639476776123,0.02100924775004387,0.9997390508651733
random_r8_24_intermediate,44,13,6.992319107055664,1088.2423024249836,4.585639476776123,0.018683526664972305,0.9997940063476562
random_r8_24_intermediate,44,14,6.992780685424805,1088.7447274775145,4.585639476776123,0.016759932041168213,0.9998335838317871
random_r8_24_intermediate,44,15,6.993458271026611,1089.4826952188196,4.585639476776123,0.015158691443502903,0.9998635649681091
random_r8_24_intermediate,44,16,6.994304180145264,1090.4046884715904,4.585639476776123,0.013820626772940159,0.999885618686676
random_r8_24_intermediate,44,17,6.995274543762207,1091.463291040671,4.585639476776123,0.012699875980615616,0.9999029040336609
random_r8_24_intermediate,44,18,6.996353626251221,1092.6417056543742,4.585639476776123,0.01175934448838234,0.9999158978462219
random_r8_24_intermediate,44,19,6.9975128173828125,1093.9090206177991,4.585639476776123,0.010968158021569252,0.9999260306358337
random_r8_24_intermediate,44,20,6.998739242553711,1095.251441196288,4.585639476776123,0.01030049193650484,0.9999340772628784
random_r8_24_intermediate,44,21,7.000031471252441,1096.6676713905033,4.585639476776123,0.009734733030200005,0.9999403357505798
random_r8_24_intermediate,44,22,7.001376152038574,1098.143331260379,4.585639476776123,0.009252880699932575,0.9999456405639648
random_r8_24_intermediate,44,23,7.002774715423584,1099.6802287887656,4.585639476776123,0.00884011946618557,0.9999499320983887
random_r8_24_intermediate,44,24,7.004220962524414,1101.2717887485674,4.585639476776123,0.008484265767037868,0.9999533891677856
random_r8_24_intermediate,44,25,7.005706787109375,1102.9093016742374,4.585639476776123,0.008175604976713657,0.9999563097953796
random_r8_24_intermediate,44,26,7.007242679595947,1104.6045533129236,4.585639476776123,0.007906063459813595,0.9999586343765259
random_r8_24_intermediate,44,27,7.00881814956665,1106.3461962089661,4.585639476776123,0.007669201120734215,0.9999608993530273
random_r8_24_intermediate,44,28,7.010429382324219,1108.1302142897418,4.585639476776123,0.007459736429154873,0.9999627470970154
random_r8_24_intermediate,44,29,7.012090682983398,1109.972681767661,4.585639476776123,0.007273431867361069,0.9999643564224243
random_r8_24_intermediate,44,30,7.013791561126709,1111.8622165203992,4.585639476776123,0.007106798235327005,0.9999655485153198
random_r8_24_intermediate,44,31,7.015533447265625,1113.8006416715662,4.585639476776123,0.006956965662539005,0.9999668002128601
random_r8_24_intermediate,44,32,7.017314434051514,1115.7860733855193,4.585639476776123,0.006821439601480961,0.9999676942825317
