seed,eval_loops,fixed_am_perplexity,fixed_ma_perplexity,absolute_delta,relative_delta_percent
42,4,1209.482757842548,1052.5745438722147,-156.90821397033324,-12.97316666590792
42,5,1150.408144321315,1021.144632935881,-129.26351138543396,-11.236317477715108
42,6,1124.9379205793296,1005.991791241223,-118.94612933810652,-10.573572742294147
42,7,1114.1533489234478,998.0255576863254,-116.12779123712232,-10.422962992422091
42,8,1109.6599235934593,993.5010348453457,-116.15888874811367,-10.467971878442839
42,9,1107.8734427794948,990.8185670773224,-117.05487570217235,-10.56572629889011
42,10,1107.3183646209136,989.3017182193965,-118.01664640151705,-10.657878544434652
42,11,1107.37116693403,988.5797542416187,-118.79141269241131,-10.727334812347355
42,12,1107.794732567267,988.4463594306275,-119.34837313663945,-10.773509715112539
42,13,1108.4647404937857,988.7570133584177,-119.70772713536803,-10.79941677549816
42,14,1109.2996465477354,989.4007877016984,-119.898858846037,-10.808518619759377
42,15,1110.2902929316901,990.3159980856335,-119.97429484605664,-10.805669076802237
42,16,1111.3803898579642,991.4381546125857,-119.94223524537858,-10.792185676472787
42,17,1112.5654538137846,992.7215676832302,-119.84388613055444,-10.771850385947113
42,18,1113.836757161313,994.1526384732438,-119.68411868806925,-10.745211802229637
42,19,1115.163750533794,995.7016136598122,-119.46213687398176,-10.712519736836768
42,20,1116.5530183910998,997.3590505060854,-119.19396788501444,-10.67517313748051
42,21,1117.9919949762034,999.1188124947314,-118.87318248147199,-10.632740038894662
42,22,1119.4830031849972,1000.963771115076,-118.51923206992115,-10.586961278798046
42,23,1121.0230388862758,1002.8953430491455,-118.12769583713032,-10.537490465360012
42,24,1122.5973104709137,1004.9068286025746,-117.69048186833913,-10.483766598279987
42,25,1124.2215021015375,1006.9919709647767,-117.22953113676078,-10.427618660345894
42,26,1125.8893815533033,1009.1540988280535,-116.73528272524982,-10.368272819501955
42,27,1127.5871565627253,1011.3903133064566,-116.19684325626872,-10.304910141977563
42,28,1129.320339855334,1013.6928687562845,-115.62747109904944,-10.238677815176988
42,29,1131.0880080715249,1016.063164407545,-115.02484366397994,-10.169398211558644
42,30,1132.8924755479125,1018.5050502304828,-114.38742531742969,-10.09693574512509
42,31,1134.7122663696343,1021.0165810830389,-113.69568528659545,-10.019781107183245
42,32,1136.571291063948,1023.5850645319643,-112.98622653198356,-9.94097136011739
43,4,1242.206802544249,999.0878458712383,-243.11895667301076,-19.571536412058133
43,5,1175.341476894807,948.9894686766064,-226.3520082182007,-19.25840384840424
43,6,1146.9251513779595,926.911119523023,-220.01403185493655,-19.18294594818183
43,7,1135.3509121330226,916.317613991248,-219.0332981417746,-19.292123325137357
43,8,1130.8582705247547,910.8178895872816,-220.04038093747317,-19.45782125600649
43,9,1129.3596511783398,907.8654559959962,-221.49419518234367,-19.612370156065285
43,10,1129.2142599632143,906.3735972551196,-222.84066270809467,-19.73413466416497
43,11,1129.7646913202454,905.822719151804,-223.94197216844145,-19.82200133257328
43,12,1130.7315573420688,905.9173167459462,-224.81424059612254,-19.882193889111722
43,13,1131.9534480393113,906.4790583870447,-225.4743896522666,-19.91905144534143
43,14,1133.344717566006,907.3738102411767,-225.97090732482934,-19.938409190288464
43,15,1134.8367199777506,908.5271743207387,-226.30954565701188,-19.942035860581676
43,16,1136.3729512224472,909.8650738781744,-226.50787734427286,-19.93252981783914
43,17,1137.9194010718336,911.3670251917955,-226.55237588003808,-19.9093517226829
43,18,1139.4538286606146,912.9907333718651,-226.4630952887495,-19.8747057223853
43,19,1140.9652985601097,914.7246270613766,-226.24067149873304,-19.828882770076106
43,20,1142.4439082505069,916.5496554729541,-225.89425277755277,-19.77289660754358
43,21,1143.8840703657463,918.4698543161497,-225.41421604959658,-19.706036816958427
43,22,1145.3063872900798,920.4695661612545,-224.83682112882525,-19.63115054835359
43,23,1146.6889164093498,922.5470929865996,-224.14182342275012,-19.546872758185362
43,24,1148.0501220010099,924.6994142288338,-223.35070777217607,-19.45478716407293
43,25,1149.3948568554658,926.9305670962576,-222.4642897592082,-19.35490562119182
43,26,1150.729643844261,929.2375528146722,-221.4920910295889,-19.247969513468576
43,27,1152.058290070593,931.6222430821512,-220.43604698844194,-19.134105356330068
43,28,1153.378020823974,934.0874332564829,-219.29058756749123,-19.012898079229036
43,29,1154.703668220423,936.6301565334776,-218.07351168694538,-18.885668911317342
43,30,1156.0352491800152,939.2554887814072,-216.779760398608,-18.752002635937927
43,31,1157.3805070329074,941.963186960373,-215.41732007253438,-18.61248904431475
43,32,1158.7262252906949,944.7647323050035,-213.9614929856914,-18.465232624903607
44,4,1149.9918646268213,1015.1028615946211,-134.8890030322002,-11.729561502243534
44,5,1120.1066682003516,977.2511588409939,-142.8555093593577,-12.753741533284524
44,6,1105.1962143376782,959.1874146960018,-146.00879964167632,-13.211120138443155
44,7,1097.3393215357755,949.6734628662152,-147.6658586695603,-13.456718060817806
44,8,1092.9522730339754,944.1918714140741,-148.76040161990136,-13.610878104214985
44,9,1090.4036485811403,940.8817744034448,-149.5218741776955,-13.712525116020746
44,10,1088.9555243819577,938.9174063437717,-150.03811803818598,-13.77816767340805
44,11,1088.2324430966744,937.8797390367162,-150.35270405995823,-13.816230623681324
44,12,1088.0389070030942,937.5010236445083,-150.53788335858587,-13.83570774810149
44,13,1088.2423024249836,937.6221780450836,-150.62012437989995,-13.840679051371719
44,14,1088.7447274775145,938.1167934221186,-150.62793405539594,-13.835009277554168
44,15,1089.4826952188196,938.9071090539584,-150.5755861648612,-13.820833210629246
44,16,1090.4046884715904,939.9181249802996,-150.48656349129078,-13.800982798618222
44,17,1091.463291040671,941.129909124953,-150.33338191571806,-13.773562807813777
44,18,1092.6417056543742,942.5000897587269,-150.1416158956473,-13.741157336267772
44,19,1093.9090206177991,944.0235019902599,-149.88551862753923,-13.701826733533052
44,20,1095.251441196288,945.6760804159662,-149.57536078032172,-13.656714353824373
44,21,1096.6676713905033,947.4435856941701,-149.2240856963332,-13.607047019734498
44,22,1098.143331260379,949.3320831840801,-148.81124807629885,-13.551168034276795
44,23,1099.6802287887656,951.3236839453097,-148.35654484345594,-13.490880435930187
44,24,1101.2717887485674,953.4240215859677,-147.84776716259967,-13.425184289030668
44,25,1102.9093016742374,955.6132919518552,-147.29600972238222,-13.35522417834214
44,26,1104.6045533129236,957.9048752894251,-146.69967802349845,-13.280741744501922
44,27,1106.3461962089661,960.2944460667301,-146.05175014223607,-13.20127014877447
44,28,1108.1302142897418,962.7744460550693,-145.3557682346725,-13.11721008598602
44,29,1109.972681767661,965.3437033045732,-144.62897846308783,-13.029958379945207
44,30,1111.8622165203992,968.0093597946784,-143.8528567257208,-12.938011076220569
44,31,1113.8006416715662,970.756900014362,-143.04374165720412,-12.842849636226406
44,32,1115.7860733855193,973.6009062271335,-142.18516715838587,-12.74304909784072
